-- phpMyAdmin SQL Dump
-- version 4.9.1
-- https://www.phpmyadmin.net/
--
-- Host: 127.0.0.1
-- Generation Time: Dec 10, 2019 at 08:23 AM
-- Server version: 10.4.8-MariaDB
-- PHP Version: 7.1.33

SET SQL_MODE = "NO_AUTO_VALUE_ON_ZERO";
SET AUTOCOMMIT = 0;
START TRANSACTION;
SET time_zone = "+00:00";


/*!40101 SET @OLD_CHARACTER_SET_CLIENT=@@CHARACTER_SET_CLIENT */;
/*!40101 SET @OLD_CHARACTER_SET_RESULTS=@@CHARACTER_SET_RESULTS */;
/*!40101 SET @OLD_COLLATION_CONNECTION=@@COLLATION_CONNECTION */;
/*!40101 SET NAMES utf8mb4 */;

--
-- Database: `wmmcqms`
--

DELIMITER $$
--
-- Procedures
--
CREATE DEFINER=`root`@`localhost` PROCEDURE `GetCertainCounterQueueBoard` (IN `ID` BIGINT)  NO SQL
SELECT x.*,d.*,a.*,b.*,c.* FROM servedcustomer as `a` 
JOIN customerassigncounter as `b` ON a.customerassigncounter_id = b.customerassigncounter_id AND DATE(b.datetimequeued) = DATE(CURRENT_DATE) 
JOIN counter as `c` ON b.counter_id = c.counter_id 
RIGHT JOIN `servertransaction` as `x` ON x.servertransaction_id = a.servertransaction_id AND a.datetimeservedend IS NULL AND datetimeservedstart IS NOT NULL
JOIN serverassigncounter as `d` ON x.serverassigncounter_id =  d.serverassigncounter_id AND d.counter_id = ID WHERE DATE(datetimelogin) = CURRENT_DATE AND datetimelogout IS NULL$$

CREATE DEFINER=`root`@`localhost` PROCEDURE `getCouterServingNextNumber` (IN `ID` BIGINT)  NO SQL
SELECT MIN(a.`customerassigncounter_id`) as `customerassigncounter_id`, a.`queuenumber` FROM `customerassigncounter` AS `a` WHERE (DATE(datetimequeued) = CURRENT_DATE AND a.counter_id = ID) AND (a.`customerassigncounter_id` NOT IN (SELECT b.`customerassigncounter_id` FROM servedcustomer as `b`))$$

CREATE DEFINER=`root`@`localhost` PROCEDURE `RepairLoggedSession` (IN `uname` VARCHAR(100), IN `pass` VARCHAR(100))  NO SQL
UPDATE `servertransaction` SET `datetimelogout` = CURRENT_TIMESTAMP where serverassigncounter_id IN (SELECT serverassigncounter_ID FROM `serverassigncounter` as `a`, server as `b` WHERE (a.server_id = b.server_id) AND b.username = uname and b.password = pass) AND datetimelogout IS NULL$$

DELIMITER ;

-- --------------------------------------------------------

--
-- Table structure for table `administatoraccount`
--

CREATE TABLE `administatoraccount` (
  `admin_id` bigint(20) NOT NULL,
  `adminfullname` varchar(100) NOT NULL,
  `admindepartment` varchar(100) NOT NULL,
  `adminusername` varchar(50) NOT NULL,
  `adminpassword` varchar(50) NOT NULL
) ENGINE=InnoDB DEFAULT CHARSET=utf8mb4;

--
-- Dumping data for table `administatoraccount`
--

INSERT INTO `administatoraccount` (`admin_id`, `adminfullname`, `admindepartment`, `adminusername`, `adminpassword`) VALUES
(1, 'Jascha Mascunana', 'IT. Department', 'admin', 'admin');

-- --------------------------------------------------------

--
-- Table structure for table `counter`
--

CREATE TABLE `counter` (
  `counter_id` int(11) NOT NULL,
  `department` varchar(50) NOT NULL,
  `section` varchar(100) NOT NULL,
  `servicedescription` varchar(100) NOT NULL,
  `counterPrefix` varchar(5) NOT NULL,
  `countercode` varchar(5) NOT NULL DEFAULT '12345',
  `icon` int(11) DEFAULT 0,
  `isQueuingCounter` tinyint(1) NOT NULL DEFAULT 1
) ENGINE=InnoDB DEFAULT CHARSET=latin1;

--
-- Dumping data for table `counter`
--

INSERT INTO `counter` (`counter_id`, `department`, `section`, `servicedescription`, `counterPrefix`, `countercode`, `icon`, `isQueuingCounter`) VALUES
(1, 'Queue Main', 'Main Counter', 'Main Counter', 'MAIN', '12345', 12, 0),
(2, 'Finance/Accounting', 'Billing/Teller', 'Billing/Teller', 'TEL', '12345', 1, 1),
(3, 'Ancillary', 'Cardio-Pulmonary', 'Cardio-Pulmonary', 'CAR', '12345', 2, 1),
(4, 'Consultation', 'Consultation', 'Consultation', 'CON', '12345', 3, 1),
(5, 'Quality Assurance', 'Health Information Management Section (Medical Record)', 'Medical Record', 'HIMS', '12345', 4, 1),
(6, 'Finance/Accounting', 'Account Management (HMO)', 'HMO', 'HMO', '12345', 5, 1),
(7, 'Ancillary', 'Laboratory', 'Laboratory', 'LAB', '12345', 6, 1),
(8, 'Ancillary', 'MedExpress Pharmacy (OPD)', 'MedExpress ', 'MED', '12345', 7, 1),
(9, 'Finance/Accounting', 'Philhealth/Billing', 'Philhealth/Billing', 'PHI', '12345', 8, 1),
(10, 'Ancillary', 'Radiology (X-Ray, CT-SCAN, etc..)', 'Radiology', 'RAD', '12345', 9, 1),
(11, 'Social Work', 'Social Work', 'Social Work', 'SOC', '12345', 10, 1),
(12, 'Triage', 'Triage', 'Triage', 'TRI', '12345', 11, 1);

-- --------------------------------------------------------

--
-- Table structure for table `customer`
--

CREATE TABLE `customer` (
  `customer_id` int(11) NOT NULL,
  `fullname` varchar(100) DEFAULT NULL,
  `address` varchar(100) DEFAULT NULL,
  `phonenumber` int(15) DEFAULT NULL,
  `dateofvisit` datetime NOT NULL DEFAULT current_timestamp()
) ENGINE=InnoDB DEFAULT CHARSET=latin1;

--
-- Dumping data for table `customer`
--

INSERT INTO `customer` (`customer_id`, `fullname`, `address`, `phonenumber`, `dateofvisit`) VALUES
(24, '', '', 0, '2019-11-26 15:15:32'),
(25, '', '', 0, '2019-11-26 15:21:57'),
(26, '', '', 0, '2019-11-26 15:22:04'),
(27, '', '', 0, '2019-11-26 15:22:11'),
(28, '', '', 0, '2019-11-26 15:22:15'),
(29, '', '', 0, '2019-11-26 15:22:18'),
(30, '', '', 0, '2019-11-26 15:22:29'),
(31, '', '', 0, '2019-11-26 15:22:44'),
(32, '', '', 0, '2019-11-26 15:22:50'),
(33, '', '', 0, '2019-11-26 15:22:54'),
(34, '', '', 0, '2019-11-26 15:22:59'),
(35, '', '', 0, '2019-11-26 15:23:24'),
(36, '', '', 0, '2019-11-26 15:24:20'),
(37, '', '', 0, '2019-11-26 15:24:23'),
(38, '', '', 0, '2019-11-26 15:24:32'),
(39, '', '', 0, '2019-11-26 15:24:43'),
(40, '', '', 0, '2019-11-26 15:28:06'),
(41, '', '', 0, '2019-11-26 15:28:47'),
(42, '', '', 0, '2019-11-26 15:28:52'),
(43, '', '', 0, '2019-11-26 15:44:47'),
(44, '', '', 0, '2019-11-26 15:44:49'),
(45, '', '', 0, '2019-11-26 15:44:51'),
(46, '', '', 0, '2019-11-26 15:44:54'),
(47, '', '', 0, '2019-11-26 15:44:55'),
(48, '', '', 0, '2019-11-26 15:44:57'),
(49, '', '', 0, '2019-11-26 15:44:58'),
(50, '', '', 0, '2019-11-26 15:44:59'),
(51, '', '', 0, '2019-11-26 15:45:00'),
(52, '', '', 0, '2019-11-26 15:45:02'),
(53, '', '', 0, '2019-11-26 15:45:04'),
(54, '', '', 0, '2019-11-26 15:45:06'),
(55, '', '', 0, '2019-11-26 15:45:09'),
(56, '', '', 0, '2019-11-26 15:45:12'),
(57, '', '', 0, '2019-11-26 15:45:16'),
(58, '', '', 0, '2019-11-26 15:45:21'),
(59, '', '', 0, '2019-11-26 15:45:56'),
(60, '', '', 0, '2019-11-26 15:45:59'),
(61, '', '', 0, '2019-11-26 15:46:15'),
(62, '', '', 0, '2019-11-26 15:46:38'),
(63, '', '', 0, '2019-11-26 15:46:42'),
(64, '', '', 0, '2019-11-26 15:46:52'),
(65, '', '', 0, '2019-11-26 15:47:04'),
(66, '', '', 0, '2019-11-26 15:47:17'),
(67, '', '', 0, '2019-11-26 15:47:38'),
(68, '', '', 0, '2019-11-26 15:47:54'),
(69, '', '', 0, '2019-11-26 15:47:58'),
(70, '', '', 0, '2019-11-26 15:47:59'),
(71, '', '', 0, '2019-11-26 15:48:00'),
(72, '', '', 0, '2019-11-26 15:48:02'),
(73, '', '', 0, '2019-11-26 15:48:03'),
(74, '', '', 0, '2019-11-26 15:48:04'),
(75, '', '', 0, '2019-11-26 15:48:06'),
(76, '', '', 0, '2019-11-26 15:48:21'),
(77, '', '', 0, '2019-11-26 15:48:31'),
(78, '', '', 0, '2019-11-26 15:48:43'),
(79, '', '', 0, '2019-11-26 15:49:41'),
(80, '', '', 0, '2019-11-26 15:49:46'),
(81, '', '', 0, '2019-11-26 15:49:53'),
(82, '', '', 0, '2019-11-26 15:49:58'),
(83, '', '', 0, '2019-11-26 15:50:28'),
(84, '', '', 0, '2019-11-26 15:50:42'),
(85, '', '', 0, '2019-11-26 15:50:54'),
(86, '', '', 0, '2019-11-26 15:50:59'),
(87, '', '', 0, '2019-11-26 15:51:02'),
(88, '', '', 0, '2019-11-26 15:51:24'),
(89, '', '', 0, '2019-11-26 15:51:32'),
(90, '', '', 0, '2019-11-26 15:51:38'),
(91, '', '', 0, '2019-11-26 15:51:42'),
(92, '', '', 0, '2019-11-26 15:52:37'),
(93, '', '', 0, '2019-11-26 15:52:39'),
(94, '', '', 0, '2019-11-26 15:52:40'),
(95, '', '', 0, '2019-11-26 15:52:44'),
(96, '', '', 0, '2019-11-26 15:52:48'),
(97, '', '', 0, '2019-11-26 15:53:42'),
(98, '', '', 0, '2019-11-26 15:53:46'),
(99, '', '', 0, '2019-11-26 15:53:48'),
(100, '', '', 0, '2019-11-26 15:53:50'),
(101, '', '', 0, '2019-11-26 15:53:53'),
(102, '', '', 0, '2019-11-26 15:54:53'),
(103, '', '', 0, '2019-11-26 15:54:56'),
(104, '', '', 0, '2019-11-26 15:55:00'),
(105, '', '', 0, '2019-11-26 15:55:01'),
(106, '', '', 0, '2019-11-26 15:55:01'),
(107, '', '', 0, '2019-11-26 15:55:01'),
(108, '', '', 0, '2019-11-26 15:55:02'),
(109, '', '', 0, '2019-11-26 15:55:02'),
(110, '', '', 0, '2019-11-26 15:55:03'),
(111, '', '', 0, '2019-11-26 15:55:03'),
(112, '', '', 0, '2019-11-26 15:55:05'),
(113, '', '', 0, '2019-11-26 15:55:11'),
(114, '', '', 0, '2019-11-26 15:55:16'),
(115, '', '', 0, '2019-11-26 15:55:58'),
(116, '', '', 0, '2019-11-26 15:56:03'),
(117, '', '', 0, '2019-11-26 15:56:05'),
(118, '', '', 0, '2019-11-26 15:56:09'),
(119, '', '', 0, '2019-11-26 15:57:46'),
(120, '', '', 0, '2019-11-26 15:57:56'),
(121, '', '', 0, '2019-11-26 15:58:00'),
(122, '', '', 0, '2019-11-26 15:58:04'),
(123, '', '', 0, '2019-11-26 15:58:12'),
(124, '', '', 0, '2019-11-26 15:58:49'),
(125, '', '', 0, '2019-11-26 15:58:51'),
(126, '', '', 0, '2019-11-26 15:58:54'),
(127, '', '', 0, '2019-11-26 15:58:55'),
(128, '', '', 0, '2019-11-26 15:58:57'),
(129, '', '', 0, '2019-11-26 15:58:59'),
(130, '', '', 0, '2019-11-26 15:59:02'),
(131, '', '', 0, '2019-11-26 15:59:04'),
(132, '', '', 0, '2019-11-26 15:59:30'),
(133, '', '', 0, '2019-11-26 15:59:35'),
(134, '', '', 0, '2019-11-26 15:59:38'),
(135, '', '', 0, '2019-11-26 15:59:40'),
(136, '', '', 0, '2019-11-26 15:59:42'),
(137, '', '', 0, '2019-11-26 15:59:45'),
(138, '', '', 0, '2019-11-26 15:59:49'),
(139, '', '', 0, '2019-11-26 15:59:52'),
(140, '', '', 0, '2019-11-26 15:59:54'),
(141, '', '', 0, '2019-11-26 15:59:55'),
(142, '', '', 0, '2019-11-26 15:59:55'),
(143, '', '', 0, '2019-11-26 15:59:56'),
(144, '', '', 0, '2019-11-26 15:59:57'),
(145, '', '', 0, '2019-11-26 15:59:58'),
(146, '', '', 0, '2019-11-26 15:59:59'),
(147, '', '', 0, '2019-11-26 16:00:01'),
(148, '', '', 0, '2019-11-26 16:00:37'),
(149, '', '', 0, '2019-11-26 16:02:02'),
(150, '', '', 0, '2019-11-26 16:02:04'),
(151, '', '', 0, '2019-11-26 16:02:13'),
(152, '', '', 0, '2019-11-26 16:02:19'),
(153, '', '', 0, '2019-11-26 16:02:27'),
(154, '', '', 0, '2019-11-26 16:42:14'),
(155, '', '', 0, '2019-11-26 16:51:55'),
(156, '', '', 0, '2019-11-27 07:50:46'),
(157, '', '', 0, '2019-11-27 07:50:52'),
(158, '', '', 0, '2019-11-27 07:50:54'),
(159, '', '', 0, '2019-11-27 07:50:56'),
(160, '', '', 0, '2019-11-27 07:50:58'),
(161, '', '', 0, '2019-11-27 08:56:37'),
(162, '', '', 0, '2019-11-27 08:56:41'),
(163, '', '', 0, '2019-11-27 08:56:44'),
(164, '', '', 0, '2019-11-27 08:56:48'),
(165, '', '', 0, '2019-11-27 09:40:02'),
(166, '', '', 0, '2019-11-27 09:40:07'),
(167, '', '', 0, '2019-11-27 09:40:09'),
(168, '', '', 0, '2019-11-27 09:40:19'),
(169, '', '', 0, '2019-11-27 09:40:21'),
(170, '', '', 0, '2019-11-27 09:40:23'),
(171, '', '', 0, '2019-11-27 09:40:26'),
(172, '', '', 0, '2019-11-27 09:40:37'),
(173, '', '', 0, '2019-11-27 09:40:42'),
(174, '', '', 0, '2019-11-27 09:40:45'),
(175, '', '', 0, '2019-11-27 09:40:50'),
(176, '', '', 0, '2019-11-27 09:40:53'),
(177, '', '', 0, '2019-11-27 09:41:02'),
(178, '', '', 0, '2019-11-27 09:41:04'),
(179, '', '', 0, '2019-11-27 09:41:06'),
(180, '', '', 0, '2019-11-27 09:41:09'),
(181, '', '', 0, '2019-11-27 09:41:13'),
(182, '', '', 0, '2019-11-27 09:41:24'),
(183, '', '', 0, '2019-11-27 09:52:13'),
(184, '', '', 0, '2019-11-27 09:55:36'),
(185, '', '', 0, '2019-11-27 09:55:49'),
(186, '', '', 0, '2019-11-27 10:17:00'),
(187, '', '', 0, '2019-11-27 10:18:02'),
(188, '', '', 0, '2019-11-27 10:19:48'),
(189, '', '', 0, '2019-11-27 10:20:28'),
(190, '', '', 0, '2019-11-27 10:21:29'),
(191, '', '', 0, '2019-11-27 10:21:43'),
(192, '', '', 0, '2019-11-27 10:22:39'),
(193, '', '', 0, '2019-11-27 10:25:12'),
(194, '', '', 0, '2019-11-27 10:26:10'),
(195, '', '', 0, '2019-11-27 10:27:26'),
(196, '', '', 0, '2019-11-27 11:07:33'),
(197, '', '', 0, '2019-11-27 11:09:54'),
(198, '', '', 0, '2019-11-27 11:10:43'),
(199, '', '', 0, '2019-11-27 13:44:34'),
(200, '', '', 0, '2019-11-27 15:41:36'),
(201, '', '', 0, '2019-11-27 15:41:43'),
(202, '', '', 0, '2019-11-27 15:42:20'),
(203, '', '', 0, '2019-11-27 15:45:35'),
(204, '', '', 0, '2019-11-27 15:48:30'),
(205, '', '', 0, '2019-11-27 16:05:22'),
(206, '', '', 0, '2019-11-27 16:05:28'),
(207, '', '', 0, '2019-11-27 16:05:31'),
(208, '', '', 0, '2019-11-27 16:05:35'),
(209, '', '', 0, '2019-11-27 16:05:39'),
(210, '', '', 0, '2019-11-27 16:05:49'),
(211, '', '', 0, '2019-11-27 16:05:59'),
(212, '', '', 0, '2019-11-27 16:06:21'),
(213, '', '', 0, '2019-11-27 16:06:33'),
(214, '', '', 0, '2019-11-27 16:07:34'),
(215, '', '', 0, '2019-11-27 16:07:50'),
(216, '', '', 0, '2019-11-27 16:12:33'),
(217, '', '', 0, '2019-11-27 16:13:23'),
(218, '', '', 0, '2019-11-27 17:01:26'),
(219, '', '', 0, '2019-11-27 17:01:33'),
(220, '', '', 0, '2019-11-27 17:01:37'),
(221, '', '', 0, '2019-11-27 17:01:43'),
(222, '', '', 0, '2019-11-27 17:01:45'),
(223, '', '', 0, '2019-11-28 08:14:14'),
(224, '', '', 0, '2019-11-28 09:16:11'),
(225, '', '', 0, '2019-11-28 09:16:15'),
(226, '', '', 0, '2019-11-28 09:16:18'),
(227, '', '', 0, '2019-11-28 09:16:20'),
(228, '', '', 0, '2019-11-28 09:16:21'),
(229, '', '', 0, '2019-11-28 09:32:05'),
(230, '', '', 0, '2019-11-28 09:32:08'),
(231, '', '', 0, '2019-11-28 09:32:14'),
(232, '', '', 0, '2019-11-28 11:37:37'),
(233, '', '', 0, '2019-11-28 11:37:39'),
(234, '', '', 0, '2019-11-28 14:33:56'),
(235, '', '', 0, '2019-11-28 14:33:59'),
(236, '', '', 0, '2019-11-28 14:34:02'),
(237, '', '', 0, '2019-11-28 14:41:26'),
(238, '', '', 0, '2019-11-28 14:41:30'),
(239, '', '', 0, '2019-11-28 14:41:32'),
(240, '', '', 0, '2019-11-28 14:41:42'),
(241, '', '', 0, '2019-11-28 14:41:47'),
(242, '', '', 0, '2019-11-28 14:42:29'),
(243, '', '', 0, '2019-11-28 14:42:31'),
(244, '', '', 0, '2019-11-28 14:42:34'),
(245, '', '', 0, '2019-11-28 14:42:37'),
(246, '', '', 0, '2019-11-28 14:42:40'),
(247, '', '', 0, '2019-11-28 14:56:17'),
(248, '', '', 0, '2019-11-28 14:56:22'),
(249, '', '', 0, '2019-11-28 14:56:27'),
(250, '', '', 0, '2019-11-28 14:56:30'),
(251, '', '', 0, '2019-11-28 14:56:33'),
(252, '', '', 0, '2019-11-28 14:56:38'),
(253, '', '', 0, '2019-11-28 14:57:54'),
(254, '', '', 0, '2019-11-28 14:57:57'),
(255, '', '', 0, '2019-11-28 14:58:01'),
(256, '', '', 0, '2019-11-28 14:58:52'),
(257, '', '', 0, '2019-11-28 14:58:56'),
(258, '', '', 0, '2019-11-28 14:59:01'),
(259, '', '', 0, '2019-11-28 14:59:18'),
(260, '', '', 0, '2019-11-28 15:01:06'),
(261, '', '', 0, '2019-11-28 15:01:09'),
(262, '', '', 0, '2019-11-28 15:01:12'),
(263, '', '', 0, '2019-11-28 16:01:31'),
(264, '', '', 0, '2019-11-28 16:01:45'),
(265, '', '', 0, '2019-11-28 16:01:47'),
(266, '', '', 0, '2019-11-28 16:25:15'),
(267, '', '', 0, '2019-11-28 16:25:17'),
(268, '', '', 0, '2019-11-28 16:25:19'),
(269, '', '', 0, '2019-11-28 16:25:20'),
(270, '', '', 0, '2019-11-28 16:25:21'),
(271, '', '', 0, '2019-11-28 16:25:22'),
(272, '', '', 0, '2019-11-28 16:25:23'),
(273, '', '', 0, '2019-11-28 16:25:25'),
(274, '', '', 0, '2019-11-28 16:25:28'),
(275, '', '', 0, '2019-11-28 16:55:36'),
(276, '', '', 0, '2019-11-28 16:55:38'),
(277, '', '', 0, '2019-11-28 16:55:40'),
(278, '', '', 0, '2019-11-28 16:55:41'),
(279, '', '', 0, '2019-11-28 16:55:43'),
(280, '', '', 0, '2019-11-28 16:55:45'),
(281, '', '', 0, '2019-11-28 16:55:47'),
(282, '', '', 0, '2019-11-29 07:30:27'),
(283, '', '', 0, '2019-11-29 07:36:17'),
(284, '', '', 0, '2019-11-29 07:36:21'),
(285, '', '', 0, '2019-11-29 07:36:27'),
(286, '', '', 0, '2019-11-29 07:36:33'),
(287, '', '', 0, '2019-11-29 07:37:03'),
(288, '', '', 0, '2019-11-29 07:37:09'),
(289, '', '', 0, '2019-11-29 07:38:21'),
(290, '', '', 0, '2019-11-29 07:38:22'),
(291, '', '', 0, '2019-11-29 07:38:24'),
(292, '', '', 0, '2019-11-29 07:38:25'),
(293, '', '', 0, '2019-11-29 07:38:27'),
(294, '', '', 0, '2019-11-29 07:38:30'),
(295, '', '', 0, '2019-11-29 07:42:04'),
(296, '', '', 0, '2019-11-29 07:42:07'),
(297, '', '', 0, '2019-11-29 07:42:14'),
(298, '', '', 0, '2019-11-29 07:42:16'),
(299, '', '', 0, '2019-11-29 07:42:18'),
(300, '', '', 0, '2019-11-29 07:42:22'),
(301, '', '', 0, '2019-11-29 07:42:25'),
(302, '', '', 0, '2019-11-29 07:42:31'),
(303, '', '', 0, '2019-11-29 07:42:34'),
(304, '', '', 0, '2019-11-29 07:42:36'),
(305, '', '', 0, '2019-11-29 08:40:45'),
(306, '', '', 0, '2019-11-29 08:40:49'),
(307, '', '', 0, '2019-11-29 08:40:52'),
(308, '', '', 0, '2019-11-29 08:40:55'),
(309, '', '', 0, '2019-11-29 08:40:58'),
(310, '', '', 0, '2019-11-29 08:41:00'),
(311, '', '', 0, '2019-11-29 08:41:02'),
(312, '', '', 0, '2019-11-29 08:41:05'),
(313, '', '', 0, '2019-11-29 08:41:06'),
(314, '', '', 0, '2019-11-29 08:43:11'),
(315, '', '', 0, '2019-11-29 08:43:13'),
(316, '', '', 0, '2019-11-29 08:43:15'),
(317, '', '', 0, '2019-11-29 08:43:18'),
(318, '', '', 0, '2019-11-29 08:43:19'),
(319, '', '', 0, '2019-11-29 08:43:21'),
(320, '', '', 0, '2019-11-29 08:43:22'),
(321, '', '', 0, '2019-11-29 08:43:24'),
(322, '', '', 0, '2019-11-29 14:05:33'),
(323, '', '', 0, '2019-11-29 14:12:45'),
(324, '', '', 0, '2019-11-29 14:12:48'),
(325, '', '', 0, '2019-11-29 14:12:49'),
(326, '', '', 0, '2019-11-29 16:20:34'),
(327, '', '', 0, '2019-11-29 16:21:12'),
(328, '', '', 0, '2019-11-29 16:21:27'),
(329, '', '', 0, '2019-11-29 16:23:04'),
(330, '', '', 0, '2019-11-29 16:23:39'),
(331, '', '', 0, '2019-11-29 16:53:44'),
(332, '', '', 0, '2019-11-29 16:54:03'),
(333, '', '', 0, '2019-11-29 16:54:24'),
(334, '', '', 0, '2019-11-29 16:54:46'),
(335, '', '', 0, '2019-12-02 11:19:41'),
(336, '', '', 0, '2019-12-02 11:19:46'),
(337, '', '', 0, '2019-12-02 11:19:48'),
(338, '', '', 0, '2019-12-02 11:19:51'),
(339, '', '', 0, '2019-12-02 11:33:18'),
(340, '', '', 0, '2019-12-02 11:36:16'),
(341, '', '', 0, '2019-12-02 11:36:18'),
(342, '', '', 0, '2019-12-02 11:36:19'),
(343, '', '', 0, '2019-12-02 11:36:20'),
(344, '', '', 0, '2019-12-02 11:36:21'),
(345, '', '', 0, '2019-12-02 11:56:53'),
(346, '', '', 0, '2019-12-02 17:50:15'),
(347, '', '', 0, '2019-12-02 17:50:20'),
(348, '', '', 0, '2019-12-02 17:50:21'),
(349, '', '', 0, '2019-12-02 17:50:23'),
(350, '', '', 0, '2019-12-02 17:52:11'),
(351, '', '', 0, '2019-12-02 17:52:12'),
(352, '', '', 0, '2019-12-02 17:52:14'),
(353, '', '', 0, '2019-12-02 17:52:15'),
(354, '', '', 0, '2019-12-02 17:52:15'),
(355, '', '', 0, '2019-12-02 17:52:16'),
(356, '', '', 0, '2019-12-03 08:13:25'),
(357, '', '', 0, '2019-12-03 08:13:29'),
(358, '', '', 0, '2019-12-03 08:13:30'),
(359, '', '', 0, '2019-12-03 08:13:31'),
(360, '', '', 0, '2019-12-03 09:34:33'),
(361, '', '', 0, '2019-12-03 09:34:50'),
(362, '', '', 0, '2019-12-03 09:34:54'),
(363, '', '', 0, '2019-12-03 09:34:56'),
(364, '', '', 0, '2019-12-03 09:34:58'),
(365, '', '', 0, '2019-12-03 09:34:59'),
(366, '', '', 0, '2019-12-03 09:35:01'),
(367, '', '', 0, '2019-12-03 09:35:03'),
(368, '', '', 0, '2019-12-03 09:38:58'),
(369, '', '', 0, '2019-12-03 10:03:06'),
(370, '', '', 0, '2019-12-03 10:03:09'),
(371, '', '', 0, '2019-12-03 10:03:10'),
(372, '', '', 0, '2019-12-03 10:03:47'),
(373, '', '', 0, '2019-12-03 10:03:48'),
(374, '', '', 0, '2019-12-03 10:03:50'),
(375, '', '', 0, '2019-12-03 10:09:02'),
(376, '', '', 0, '2019-12-03 10:28:32'),
(377, '', '', 0, '2019-12-03 10:28:41'),
(378, '', '', 0, '2019-12-03 10:28:43'),
(379, '', '', 0, '2019-12-03 10:28:47'),
(380, '', '', 0, '2019-12-03 10:29:37'),
(381, '', '', 0, '2019-12-03 10:29:40'),
(382, '', '', 0, '2019-12-03 10:29:47'),
(383, '', '', 0, '2019-12-03 10:29:56'),
(384, '', '', 0, '2019-12-03 10:36:26'),
(385, '', '', 0, '2019-12-03 10:36:29'),
(386, '', '', 0, '2019-12-03 10:36:31'),
(387, '', '', 0, '2019-12-03 10:36:33'),
(388, '', '', 0, '2019-12-03 10:36:35'),
(389, '', '', 0, '2019-12-03 10:36:37'),
(390, '', '', 0, '2019-12-03 10:36:39'),
(391, '', '', 0, '2019-12-03 10:36:41'),
(392, '', '', 0, '2019-12-03 10:36:48'),
(393, '', '', 0, '2019-12-03 13:19:43'),
(394, '', '', 0, '2019-12-04 08:50:13'),
(395, '', '', 0, '2019-12-04 08:50:19'),
(396, '', '', 0, '2019-12-04 08:51:47'),
(397, '', '', 0, '2019-12-04 08:51:49'),
(398, '', '', 0, '2019-12-04 08:51:51'),
(399, '', '', 0, '2019-12-04 08:51:53'),
(400, '', '', 0, '2019-12-04 08:51:54'),
(401, '', '', 0, '2019-12-04 08:51:57'),
(402, '', '', 0, '2019-12-04 11:54:41'),
(403, '', '', 0, '2019-12-04 11:55:12'),
(404, '', '', 0, '2019-12-04 11:55:16'),
(405, '', '', 0, '2019-12-04 11:55:23'),
(406, '', '', 0, '2019-12-04 11:55:25'),
(407, '', '', 0, '2019-12-04 11:55:28'),
(408, '', '', 0, '2019-12-04 14:05:30'),
(409, '', '', 0, '2019-12-04 14:05:39'),
(410, '', '', 0, '2019-12-04 14:05:40'),
(411, '', '', 0, '2019-12-04 15:15:43'),
(412, '', '', 0, '2019-12-04 15:15:48'),
(413, '', '', 0, '2019-12-04 16:15:18'),
(414, '', '', 0, '2019-12-04 16:15:29'),
(415, '', '', 0, '2019-12-04 16:15:32'),
(416, '', '', 0, '2019-12-04 16:15:59'),
(417, '', '', 0, '2019-12-04 16:16:05'),
(418, '', '', 0, '2019-12-04 16:18:20'),
(419, '', '', 0, '2019-12-04 16:18:23'),
(420, '', '', 0, '2019-12-05 08:02:38'),
(421, '', '', 0, '2019-12-05 08:02:47'),
(422, '', '', 0, '2019-12-05 11:25:07'),
(423, '', '', 0, '2019-12-05 11:25:11'),
(424, '', '', 0, '2019-12-05 11:25:13'),
(425, '', '', 0, '2019-12-05 11:25:14'),
(426, '', '', 0, '2019-12-05 11:25:15'),
(427, '', '', 0, '2019-12-05 11:29:41'),
(428, '', '', 0, '2019-12-05 11:29:43'),
(429, '', '', 0, '2019-12-05 11:29:44'),
(430, '', '', 0, '2019-12-05 11:29:45'),
(431, '', '', 0, '2019-12-05 11:29:46'),
(432, '', '', 0, '2019-12-05 11:29:48'),
(433, '', '', 0, '2019-12-05 11:29:51'),
(434, '', '', 0, '2019-12-05 11:33:29'),
(435, '', '', 0, '2019-12-05 11:33:31'),
(436, '', '', 0, '2019-12-05 11:33:33'),
(437, '', '', 0, '2019-12-05 11:33:36'),
(438, '', '', 0, '2019-12-05 11:33:39'),
(439, '', '', 0, '2019-12-05 11:38:11'),
(440, '', '', 0, '2019-12-05 11:38:13'),
(441, '', '', 0, '2019-12-05 11:38:15'),
(442, '', '', 0, '2019-12-05 11:38:17'),
(443, '', '', 0, '2019-12-05 11:38:20'),
(444, '', '', 0, '2019-12-05 11:50:08'),
(445, '', '', 0, '2019-12-05 11:50:10'),
(446, '', '', 0, '2019-12-05 11:50:12'),
(447, '', '', 0, '2019-12-05 11:50:13'),
(448, '', '', 0, '2019-12-05 11:50:15'),
(449, '', '', 0, '2019-12-05 11:51:57'),
(450, '', '', 0, '2019-12-05 12:06:53'),
(451, '', '', 0, '2019-12-05 12:06:54'),
(452, '', '', 0, '2019-12-05 12:06:55'),
(453, '', '', 0, '2019-12-05 12:06:57'),
(454, '', '', 0, '2019-12-05 12:06:58'),
(455, '', '', 0, '2019-12-05 12:07:00'),
(456, '', '', 0, '2019-12-05 12:07:01'),
(457, '', '', 0, '2019-12-05 12:07:02'),
(458, '', '', 0, '2019-12-05 12:07:03'),
(459, '', '', 0, '2019-12-05 12:07:04'),
(460, '', '', 0, '2019-12-05 12:07:05'),
(461, '', '', 0, '2019-12-05 12:44:52'),
(462, '', '', 0, '2019-12-05 12:45:43'),
(463, '', '', 0, '2019-12-05 12:53:47'),
(464, '', '', 0, '2019-12-05 12:53:50'),
(465, '', '', 0, '2019-12-05 12:53:52'),
(466, '', '', 0, '2019-12-05 12:53:55'),
(467, '', '', 0, '2019-12-05 12:53:58'),
(468, '', '', 0, '2019-12-05 12:54:00'),
(469, '', '', 0, '2019-12-05 13:03:17'),
(470, '', '', 0, '2019-12-05 13:22:52'),
(471, '', '', 0, '2019-12-05 13:22:55'),
(472, '', '', 0, '2019-12-05 13:22:58'),
(473, '', '', 0, '2019-12-05 13:22:59'),
(474, '', '', 0, '2019-12-05 13:23:00'),
(475, '', '', 0, '2019-12-05 13:59:09'),
(476, '', '', 0, '2019-12-05 13:59:12'),
(477, '', '', 0, '2019-12-05 13:59:17'),
(478, '', '', 0, '2019-12-05 13:59:30'),
(479, '', '', 0, '2019-12-05 13:59:34'),
(480, '', '', 0, '2019-12-05 14:21:45'),
(481, '', '', 0, '2019-12-05 14:21:48'),
(482, '', '', 0, '2019-12-05 14:21:51'),
(483, '', '', 0, '2019-12-05 14:21:52'),
(484, '', '', 0, '2019-12-05 14:21:54'),
(485, '', '', 0, '2019-12-05 14:21:56'),
(486, '', '', 0, '2019-12-05 14:21:57'),
(487, '', '', 0, '2019-12-05 14:50:08'),
(488, '', '', 0, '2019-12-05 14:50:10'),
(489, '', '', 0, '2019-12-05 14:50:12'),
(490, '', '', 0, '2019-12-05 14:50:14'),
(491, '', '', 0, '2019-12-05 14:50:15'),
(492, '', '', 0, '2019-12-05 14:50:17'),
(493, '', '', 0, '2019-12-05 14:50:18'),
(494, '', '', 0, '2019-12-05 14:50:20'),
(495, '', '', 0, '2019-12-05 15:02:50'),
(496, '', '', 0, '2019-12-05 15:02:53'),
(497, '', '', 0, '2019-12-05 15:02:54'),
(498, '', '', 0, '2019-12-05 15:02:55'),
(499, '', '', 0, '2019-12-05 15:02:56'),
(500, '', '', 0, '2019-12-05 15:04:42'),
(501, '', '', 0, '2019-12-05 15:51:14'),
(502, '', '', 0, '2019-12-05 15:51:20'),
(503, '', '', 0, '2019-12-05 15:51:22'),
(504, '', '', 0, '2019-12-05 15:51:23'),
(505, '', '', 0, '2019-12-05 15:51:25'),
(506, '', '', 0, '2019-12-05 15:51:30'),
(507, '', '', 0, '2019-12-05 16:21:57'),
(508, '', '', 0, '2019-12-05 16:22:02'),
(509, '', '', 0, '2019-12-05 16:22:10'),
(510, '', '', 0, '2019-12-05 16:22:16'),
(511, '', '', 0, '2019-12-05 16:22:18'),
(512, '', '', 0, '2019-12-05 16:22:20'),
(513, '', '', 0, '2019-12-05 16:22:23'),
(514, '', '', 0, '2019-12-05 16:56:32'),
(515, '', '', 0, '2019-12-05 16:56:35'),
(516, '', '', 0, '2019-12-05 16:56:36'),
(517, '', '', 0, '2019-12-06 08:46:29'),
(518, '', '', 0, '2019-12-06 08:46:33'),
(519, '', '', 0, '2019-12-06 08:46:35'),
(520, '', '', 0, '2019-12-06 08:46:37'),
(521, '', '', 0, '2019-12-06 08:46:40'),
(522, '', '', 0, '2019-12-06 10:18:09'),
(523, '', '', 0, '2019-12-06 10:18:14'),
(524, '', '', 0, '2019-12-06 10:18:15'),
(525, '', '', 0, '2019-12-06 10:18:18'),
(526, '', '', 0, '2019-12-06 10:18:21'),
(527, '', '', 0, '2019-12-06 11:14:02'),
(528, '', '', 0, '2019-12-06 11:14:06'),
(529, '', '', 0, '2019-12-06 11:46:10'),
(530, '', '', 0, '2019-12-06 11:46:13'),
(531, '', '', 0, '2019-12-06 11:46:14'),
(532, '', '', 0, '2019-12-06 11:46:14'),
(533, '', '', 0, '2019-12-06 11:46:15'),
(534, '', '', 0, '2019-12-06 11:46:16'),
(535, '', '', 0, '2019-12-06 11:46:18'),
(536, '', '', 0, '2019-12-06 11:46:20'),
(537, '', '', 0, '2019-12-06 11:46:21'),
(538, '', '', 0, '2019-12-06 11:46:22'),
(539, '', '', 0, '2019-12-06 11:46:24'),
(540, '', '', 0, '2019-12-06 13:46:08'),
(541, '', '', 0, '2019-12-06 13:46:23'),
(542, '', '', 0, '2019-12-06 16:47:45'),
(543, '', '', 0, '2019-12-06 16:47:51'),
(544, '', '', 0, '2019-12-06 17:01:08'),
(545, '', '', 0, '2019-12-06 17:01:10'),
(546, '', '', 0, '2019-12-09 07:58:58'),
(547, '', '', 0, '2019-12-09 07:59:02'),
(548, '', '', 0, '2019-12-09 07:59:04'),
(549, '', '', 0, '2019-12-09 07:59:06'),
(550, '', '', 0, '2019-12-09 07:59:07'),
(551, '', '', 0, '2019-12-09 07:59:08'),
(552, '', '', 0, '2019-12-09 08:09:48'),
(553, '', '', 0, '2019-12-09 08:09:50'),
(554, '', '', 0, '2019-12-09 08:09:52'),
(555, '', '', 0, '2019-12-09 08:09:53'),
(556, '', '', 0, '2019-12-09 08:09:54'),
(557, '', '', 0, '2019-12-09 08:09:55'),
(558, '', '', 0, '2019-12-09 08:09:57'),
(559, '', '', 0, '2019-12-09 08:09:58'),
(560, '', '', 0, '2019-12-09 08:34:51'),
(561, '', '', 0, '2019-12-09 08:34:59'),
(562, '', '', 0, '2019-12-09 08:35:02'),
(563, '', '', 0, '2019-12-09 08:35:03'),
(564, '', '', 0, '2019-12-09 08:35:05'),
(565, '', '', 0, '2019-12-09 08:35:06'),
(566, '', '', 0, '2019-12-09 08:37:13'),
(567, '', '', 0, '2019-12-09 08:40:15'),
(568, '', '', 0, '2019-12-09 13:35:52'),
(569, '', '', 0, '2019-12-09 13:50:45'),
(570, '', '', 0, '2019-12-09 13:50:48'),
(571, '', '', 0, '2019-12-09 13:50:49'),
(572, '', '', 0, '2019-12-09 16:39:03'),
(573, '', '', 0, '2019-12-09 16:39:08'),
(574, '', '', 0, '2019-12-09 16:39:10'),
(575, '', '', 0, '2019-12-09 16:39:28'),
(576, '', '', 0, '2019-12-09 16:39:30'),
(577, '', '', 0, '2019-12-09 16:39:31'),
(578, '', '', 0, '2019-12-09 16:39:32'),
(579, '', '', 0, '2019-12-09 16:39:34'),
(580, '', '', 0, '2019-12-09 16:39:36'),
(581, '', '', 0, '2019-12-09 16:39:38'),
(582, '', '', 0, '2019-12-10 07:52:43'),
(583, '', '', 0, '2019-12-10 07:52:48'),
(584, '', '', 0, '2019-12-10 07:52:50'),
(585, '', '', 0, '2019-12-10 07:52:51'),
(586, '', '', 0, '2019-12-10 07:52:52'),
(587, '', '', 0, '2019-12-10 07:52:54'),
(588, '', '', 0, '2019-12-10 07:52:55'),
(589, '', '', 0, '2019-12-10 07:52:56'),
(590, '', '', 0, '2019-12-10 07:52:57'),
(591, '', '', 0, '2019-12-10 07:52:58'),
(592, '', '', 0, '2019-12-10 07:53:02'),
(593, '', '', 0, '2019-12-10 07:53:03'),
(594, '', '', 0, '2019-12-10 07:53:04'),
(595, '', '', 0, '2019-12-10 08:18:21'),
(596, '', '', 0, '2019-12-10 08:18:22'),
(597, '', '', 0, '2019-12-10 08:18:23'),
(598, '', '', 0, '2019-12-10 08:18:25'),
(599, '', '', 0, '2019-12-10 08:18:26'),
(600, '', '', 0, '2019-12-10 08:18:27'),
(601, '', '', 0, '2019-12-10 08:18:28'),
(602, '', '', 0, '2019-12-10 08:18:29'),
(603, '', '', 0, '2019-12-10 08:18:33'),
(604, '', '', 0, '2019-12-10 08:39:40'),
(605, '', '', 0, '2019-12-10 08:39:41'),
(606, '', '', 0, '2019-12-10 08:39:46'),
(607, '', '', 0, '2019-12-10 08:39:54'),
(608, '', '', 0, '2019-12-10 08:39:57'),
(609, '', '', 0, '2019-12-10 08:39:59'),
(610, '', '', 0, '2019-12-10 08:40:03'),
(611, '', '', 0, '2019-12-10 08:40:05'),
(612, '', '', 0, '2019-12-10 08:40:06'),
(613, '', '', 0, '2019-12-10 08:46:05'),
(614, '', '', 0, '2019-12-10 08:46:08'),
(615, '', '', 0, '2019-12-10 08:46:10'),
(616, '', '', 0, '2019-12-10 08:46:12'),
(617, '', '', 0, '2019-12-10 08:46:14'),
(618, '', '', 0, '2019-12-10 08:46:17'),
(619, '', '', 0, '2019-12-10 08:46:19'),
(620, '', '', 0, '2019-12-10 08:49:07'),
(621, '', '', 0, '2019-12-10 08:49:10'),
(622, '', '', 0, '2019-12-10 08:49:11'),
(623, '', '', 0, '2019-12-10 08:49:14'),
(624, '', '', 0, '2019-12-10 08:49:16'),
(625, '', '', 0, '2019-12-10 08:49:19'),
(626, '', '', 0, '2019-12-10 08:49:22'),
(627, '', '', 0, '2019-12-10 09:04:19'),
(628, '', '', 0, '2019-12-10 09:04:21'),
(629, '', '', 0, '2019-12-10 09:04:22'),
(630, '', '', 0, '2019-12-10 09:04:23'),
(631, '', '', 0, '2019-12-10 10:00:23'),
(632, '', '', 0, '2019-12-10 10:00:27'),
(633, '', '', 0, '2019-12-10 10:00:28'),
(634, '', '', 0, '2019-12-10 10:00:29'),
(635, '', '', 0, '2019-12-10 10:00:30'),
(636, '', '', 0, '2019-12-10 10:00:31'),
(637, '', '', 0, '2019-12-10 10:02:09'),
(638, '', '', 0, '2019-12-10 10:02:11');

-- --------------------------------------------------------

--
-- Table structure for table `customerassigncounter`
--

CREATE TABLE `customerassigncounter` (
  `customerassigncounter_id` int(11) NOT NULL,
  `counter_id` int(11) NOT NULL,
  `customer_id` int(11) NOT NULL,
  `datetimequeued` datetime NOT NULL DEFAULT current_timestamp(),
  `priority` int(11) NOT NULL DEFAULT 0,
  `queuenumber` int(11) NOT NULL
) ENGINE=InnoDB DEFAULT CHARSET=latin1;

--
-- Dumping data for table `customerassigncounter`
--

INSERT INTO `customerassigncounter` (`customerassigncounter_id`, `counter_id`, `customer_id`, `datetimequeued`, `priority`, `queuenumber`) VALUES
(1, 2, 514, '2019-12-05 16:56:32', 0, 1),
(2, 2, 515, '2019-12-05 16:56:35', 1, 2),
(3, 2, 516, '2019-12-05 16:56:36', 0, 3),
(4, 2, 517, '2019-12-06 08:46:29', 0, 1),
(5, 2, 518, '2019-12-06 08:46:33', 1, 2),
(6, 2, 519, '2019-12-06 08:46:35', 0, 3),
(7, 2, 520, '2019-12-06 08:46:38', 0, 4),
(8, 2, 521, '2019-12-06 08:46:40', 1, 5),
(9, 2, 522, '2019-12-06 10:18:09', 0, 6),
(10, 2, 523, '2019-12-06 10:18:14', 0, 7),
(11, 2, 524, '2019-12-06 10:18:16', 1, 8),
(12, 2, 525, '2019-12-06 10:18:19', 0, 9),
(13, 2, 526, '2019-12-06 10:18:21', 1, 10),
(14, 2, 527, '2019-12-06 11:14:02', 0, 11),
(15, 2, 528, '2019-12-06 11:14:06', 1, 12),
(16, 2, 529, '2019-12-06 11:46:10', 0, 13),
(17, 2, 530, '2019-12-06 11:46:13', 0, 14),
(18, 2, 531, '2019-12-06 11:46:14', 0, 15),
(19, 2, 532, '2019-12-06 11:46:14', 0, 16),
(20, 2, 533, '2019-12-06 11:46:15', 0, 17),
(21, 2, 534, '2019-12-06 11:46:17', 1, 18),
(22, 2, 535, '2019-12-06 11:46:18', 1, 19),
(23, 2, 536, '2019-12-06 11:46:20', 1, 20),
(24, 2, 537, '2019-12-06 11:46:21', 0, 21),
(25, 2, 538, '2019-12-06 11:46:22', 0, 22),
(26, 2, 539, '2019-12-06 11:46:24', 1, 23),
(27, 2, 540, '2019-12-06 13:46:08', 1, 24),
(28, 2, 541, '2019-12-06 13:46:23', 0, 25),
(29, 2, 542, '2019-12-06 16:47:45', 0, 26),
(30, 2, 543, '2019-12-06 16:47:52', 0, 27),
(31, 2, 544, '2019-12-06 17:01:08', 0, 28),
(32, 2, 545, '2019-12-06 17:01:10', 0, 29),
(33, 2, 546, '2019-12-09 07:58:58', 0, 1),
(34, 2, 547, '2019-12-09 07:59:02', 0, 2),
(35, 2, 548, '2019-12-09 07:59:04', 1, 3),
(36, 2, 549, '2019-12-09 07:59:06', 1, 4),
(37, 2, 550, '2019-12-09 07:59:07', 0, 5),
(38, 2, 551, '2019-12-09 07:59:09', 1, 6),
(39, 2, 552, '2019-12-09 08:09:48', 0, 7),
(40, 2, 553, '2019-12-09 08:09:50', 1, 8),
(41, 2, 554, '2019-12-09 08:09:52', 1, 9),
(42, 2, 555, '2019-12-09 08:09:53', 0, 10),
(43, 2, 556, '2019-12-09 08:09:54', 0, 11),
(44, 2, 557, '2019-12-09 08:09:55', 1, 12),
(45, 2, 558, '2019-12-09 08:09:57', 0, 13),
(46, 2, 559, '2019-12-09 08:09:58', 1, 14),
(47, 5, 560, '2019-12-09 08:34:51', 0, 1),
(48, 4, 561, '2019-12-09 08:34:59', 0, 1),
(49, 4, 562, '2019-12-09 08:35:02', 1, 2),
(50, 4, 563, '2019-12-09 08:35:03', 0, 3),
(51, 4, 564, '2019-12-09 08:35:05', 1, 4),
(52, 4, 565, '2019-12-09 08:35:06', 1, 5),
(53, 2, 566, '2019-12-09 08:37:13', 1, 15),
(54, 3, 567, '2019-12-09 08:40:15', 1, 1),
(55, 2, 568, '2019-12-09 13:35:52', 0, 16),
(56, 2, 569, '2019-12-09 13:50:45', 1, 17),
(57, 2, 570, '2019-12-09 13:50:48', 0, 18),
(58, 2, 571, '2019-12-09 13:50:50', 1, 19),
(59, 2, 572, '2019-12-09 16:39:03', 0, 20),
(60, 2, 573, '2019-12-09 16:39:08', 0, 21),
(61, 2, 574, '2019-12-09 16:39:11', 1, 22),
(62, 2, 575, '2019-12-09 16:39:28', 0, 23),
(63, 2, 576, '2019-12-09 16:39:30', 1, 24),
(64, 2, 577, '2019-12-09 16:39:31', 0, 25),
(65, 2, 578, '2019-12-09 16:39:32', 0, 26),
(66, 2, 579, '2019-12-09 16:39:34', 0, 27),
(67, 2, 580, '2019-12-09 16:39:36', 0, 28),
(68, 2, 581, '2019-12-09 16:39:38', 0, 29),
(69, 2, 582, '2019-12-10 07:52:43', 1, 1),
(70, 2, 583, '2019-12-10 07:52:48', 0, 2),
(71, 2, 584, '2019-12-10 07:52:50', 1, 3),
(72, 2, 585, '2019-12-10 07:52:51', 0, 4),
(73, 2, 586, '2019-12-10 07:52:53', 1, 5),
(74, 2, 587, '2019-12-10 07:52:54', 0, 6),
(75, 2, 588, '2019-12-10 07:52:55', 0, 7),
(76, 2, 589, '2019-12-10 07:52:56', 1, 8),
(77, 2, 590, '2019-12-10 07:52:57', 1, 9),
(78, 2, 591, '2019-12-10 07:52:58', 1, 10),
(79, 2, 592, '2019-12-10 07:53:02', 0, 11),
(80, 2, 593, '2019-12-10 07:53:03', 0, 12),
(81, 2, 594, '2019-12-10 07:53:05', 1, 13),
(82, 2, 595, '2019-12-10 08:18:21', 0, 14),
(83, 2, 596, '2019-12-10 08:18:22', 1, 15),
(84, 2, 597, '2019-12-10 08:18:23', 0, 16),
(85, 2, 598, '2019-12-10 08:18:25', 1, 17),
(86, 2, 599, '2019-12-10 08:18:26', 0, 18),
(87, 2, 600, '2019-12-10 08:18:27', 1, 19),
(88, 2, 601, '2019-12-10 08:18:28', 0, 20),
(89, 2, 602, '2019-12-10 08:18:29', 1, 21),
(90, 2, 603, '2019-12-10 08:18:33', 0, 22),
(91, 2, 604, '2019-12-10 08:39:40', 0, 23),
(92, 9, 605, '2019-12-10 08:39:41', 0, 1),
(93, 2, 606, '2019-12-10 08:39:46', 0, 24),
(94, 2, 607, '2019-12-10 08:39:54', 1, 25),
(95, 2, 608, '2019-12-10 08:39:57', 0, 26),
(96, 2, 609, '2019-12-10 08:39:59', 0, 27),
(97, 2, 610, '2019-12-10 08:40:03', 0, 28),
(98, 2, 611, '2019-12-10 08:40:05', 0, 29),
(99, 2, 612, '2019-12-10 08:40:06', 0, 30),
(100, 2, 613, '2019-12-10 08:46:05', 0, 31),
(101, 2, 614, '2019-12-10 08:46:08', 0, 32),
(102, 2, 615, '2019-12-10 08:46:10', 1, 33),
(103, 2, 616, '2019-12-10 08:46:12', 1, 34),
(104, 2, 617, '2019-12-10 08:46:14', 1, 35),
(105, 2, 618, '2019-12-10 08:46:17', 1, 36),
(106, 2, 619, '2019-12-10 08:46:19', 1, 37),
(107, 2, 620, '2019-12-10 08:49:07', 1, 38),
(108, 2, 621, '2019-12-10 08:49:10', 0, 39),
(109, 2, 622, '2019-12-10 08:49:11', 0, 40),
(110, 2, 623, '2019-12-10 08:49:14', 1, 41),
(111, 2, 624, '2019-12-10 08:49:16', 1, 42),
(112, 2, 625, '2019-12-10 08:49:19', 0, 43),
(113, 2, 626, '2019-12-10 08:49:22', 1, 44),
(114, 2, 627, '2019-12-10 09:04:19', 0, 45),
(115, 2, 628, '2019-12-10 09:04:21', 0, 46),
(116, 2, 629, '2019-12-10 09:04:22', 0, 47),
(117, 2, 630, '2019-12-10 09:04:23', 0, 48),
(118, 2, 631, '2019-12-10 10:00:23', 0, 49),
(119, 2, 632, '2019-12-10 10:00:27', 0, 50),
(120, 2, 633, '2019-12-10 10:00:28', 0, 51),
(121, 2, 634, '2019-12-10 10:00:29', 0, 52),
(122, 2, 635, '2019-12-10 10:00:30', 0, 53),
(123, 2, 636, '2019-12-10 10:00:31', 0, 54),
(124, 2, 637, '2019-12-10 10:02:09', 1, 55),
(125, 8, 638, '2019-12-10 10:02:11', 1, 1);

-- --------------------------------------------------------

--
-- Table structure for table `servedcustomer`
--

CREATE TABLE `servedcustomer` (
  `served_id` int(11) NOT NULL,
  `servertransaction_id` int(11) NOT NULL,
  `customerassigncounter_id` int(11) NOT NULL,
  `datetimeservedstart` datetime DEFAULT current_timestamp(),
  `datetimeservedend` datetime DEFAULT NULL
) ENGINE=InnoDB DEFAULT CHARSET=latin1;

--
-- Dumping data for table `servedcustomer`
--

INSERT INTO `servedcustomer` (`served_id`, `servertransaction_id`, `customerassigncounter_id`, `datetimeservedstart`, `datetimeservedend`) VALUES
(1, 25, 4, '2019-12-06 11:12:59', '2019-12-06 11:13:02'),
(2, 19, 5, '2019-12-06 10:27:49', '2019-12-06 10:27:56'),
(3, 19, 6, '2019-12-06 10:27:35', '2019-12-06 10:27:48'),
(4, 19, 7, '2019-12-06 10:27:32', '2019-12-06 10:27:34'),
(5, 19, 8, '2019-12-06 10:27:16', '2019-12-06 10:27:19'),
(6, 19, 9, '2019-12-06 10:27:25', '2019-12-06 10:27:29'),
(7, 19, 10, '2019-12-06 10:20:53', '2019-12-06 10:23:55'),
(8, 19, 11, '2019-12-06 10:22:07', '2019-12-06 10:23:44'),
(9, 19, 12, '2019-12-06 10:20:54', '2019-12-06 10:21:57'),
(10, 19, 13, '2019-12-06 10:20:54', '2019-12-06 10:21:02'),
(11, 34, 14, '2019-12-06 11:31:20', '2019-12-06 11:32:00'),
(12, 40, 15, '2019-12-06 11:57:06', '2019-12-06 11:57:28'),
(13, 40, 16, '2019-12-06 11:58:53', '2019-12-06 11:59:02'),
(14, 42, 17, '2019-12-06 11:55:53', '2019-12-06 11:55:58'),
(15, 45, 18, '2019-12-06 13:45:44', '2019-12-06 13:45:47'),
(16, 45, 19, '2019-12-06 13:46:01', '2019-12-06 13:46:09'),
(17, 45, 20, '2019-12-06 13:44:17', '2019-12-06 13:45:43'),
(18, 40, 21, '2019-12-06 11:59:06', '2019-12-06 11:59:08'),
(19, 40, 22, '2019-12-06 11:59:22', '2019-12-06 11:59:25'),
(20, 40, 23, '2019-12-06 11:59:17', '2019-12-06 11:59:19'),
(21, 40, 24, '2019-12-06 11:59:12', '2019-12-06 11:59:15'),
(22, 40, 25, '2019-12-06 11:47:33', '2019-12-06 11:47:35'),
(23, 42, 26, '2019-12-06 11:54:54', '2019-12-06 11:55:09'),
(24, 45, 27, '2019-12-06 13:46:16', '2019-12-06 13:46:24'),
(25, 50, 28, '2019-12-06 15:53:33', '2019-12-06 15:54:17'),
(26, 53, 29, '2019-12-06 16:48:02', '2019-12-06 16:56:14'),
(27, 57, 33, '2019-12-09 07:59:37', '2019-12-09 07:59:44'),
(28, 59, 34, '2019-12-09 08:06:05', '2019-12-09 08:06:21'),
(29, 62, 35, '2019-12-09 08:18:01', '2019-12-09 08:18:17'),
(30, 62, 36, '2019-12-09 08:18:19', '2019-12-09 08:21:58'),
(31, 60, 37, '2019-12-09 08:09:16', '2019-12-09 08:09:37'),
(32, 59, 38, '2019-12-09 08:06:41', '2019-12-09 08:07:09'),
(33, 62, 39, '2019-12-09 08:11:08', '2019-12-09 08:11:24'),
(34, 62, 40, '2019-12-09 08:11:24', '2019-12-09 08:11:47'),
(35, 62, 41, '2019-12-09 08:11:47', '2019-12-09 08:16:52'),
(36, 62, 42, '2019-12-09 08:16:52', '2019-12-09 08:17:06'),
(37, 62, 43, '2019-12-09 08:17:42', '2019-12-09 08:17:56'),
(38, 63, 44, '2019-12-09 08:27:42', '2019-12-09 08:28:31'),
(39, 63, 45, '2019-12-09 08:26:52', '2019-12-09 08:27:27'),
(40, 63, 46, '2019-12-09 08:27:27', '2019-12-09 08:27:40'),
(41, 65, 48, '2019-12-09 08:35:21', '2019-12-09 08:35:37'),
(42, 65, 49, '2019-12-09 08:35:37', '2019-12-09 08:35:54'),
(43, 65, 51, '2019-12-09 08:35:54', '2019-12-09 08:36:44'),
(44, 65, 50, NULL, NULL),
(45, 65, 52, '2019-12-09 08:36:58', '2019-12-09 08:37:14'),
(46, 66, 53, '2019-12-09 08:40:05', '2019-12-09 08:40:32'),
(47, 82, 54, NULL, NULL),
(48, 109, 55, NULL, NULL),
(49, 107, 56, '2019-12-09 14:06:23', '2019-12-09 14:06:33'),
(50, 103, 57, '2019-12-09 13:53:03', '2019-12-09 13:54:05'),
(51, 107, 58, '2019-12-09 14:03:09', '2019-12-09 14:05:19'),
(52, 113, 59, '2019-12-09 16:39:59', '2019-12-09 16:40:30'),
(53, 114, 60, '2019-12-09 16:43:42', '2019-12-09 16:48:50'),
(54, 114, 61, '2019-12-09 16:48:50', '2019-12-09 16:49:08'),
(55, 114, 62, '2019-12-09 16:49:08', '2019-12-09 16:49:40'),
(56, 114, 63, '2019-12-09 16:49:40', '2019-12-09 16:49:55'),
(57, 114, 64, NULL, NULL),
(58, 122, 69, '2019-12-10 07:57:23', '2019-12-10 07:57:36'),
(59, 122, 70, '2019-12-10 07:57:48', '2019-12-10 07:59:19'),
(60, 123, 71, '2019-12-10 07:59:36', '2019-12-10 07:59:48'),
(61, 122, 72, '2019-12-10 07:57:36', '2019-12-10 07:57:46'),
(62, 122, 73, '2019-12-10 07:59:19', '2019-12-10 07:59:26'),
(63, 122, 74, '2019-12-10 07:59:26', '2019-12-10 08:01:07'),
(64, 123, 75, '2019-12-10 07:59:29', '2019-12-10 07:59:35'),
(65, 124, 76, '2019-12-10 08:16:14', '2019-12-10 08:16:37'),
(66, 125, 77, '2019-12-10 08:15:45', '2019-12-10 08:15:48'),
(67, 124, 78, '2019-12-10 08:11:47', '2019-12-10 08:16:09'),
(68, 125, 79, '2019-12-10 08:15:48', '2019-12-10 08:15:50'),
(69, 125, 81, '2019-12-10 08:15:50', '2019-12-10 08:16:34'),
(70, 125, 80, '2019-12-10 08:16:34', '2019-12-10 08:16:40'),
(71, 127, 82, '2019-12-10 08:18:41', '2019-12-10 08:19:05'),
(72, 127, 83, '2019-12-10 08:19:05', '2019-12-10 08:19:17'),
(73, 127, 84, '2019-12-10 08:21:14', '2019-12-10 08:23:00'),
(74, 127, 85, '2019-12-10 08:19:30', '2019-12-10 08:19:37'),
(75, 127, 87, '2019-12-10 08:19:37', '2019-12-10 08:20:24'),
(76, 127, 89, '2019-12-10 08:20:24', '2019-12-10 08:21:12'),
(77, 128, 86, '2019-12-10 08:22:18', '2019-12-10 08:22:23'),
(78, 128, 88, '2019-12-10 08:22:37', '2019-12-10 08:22:45'),
(79, 130, 90, '2019-12-10 08:42:02', '2019-12-10 08:42:06'),
(80, 130, 94, '2019-12-10 08:41:43', '2019-12-10 08:41:49'),
(81, 130, 91, '2019-12-10 08:40:45', '2019-12-10 08:41:02'),
(82, 130, 93, '2019-12-10 08:41:02', '2019-12-10 08:41:24'),
(83, 146, 95, '2019-12-10 09:05:53', '2019-12-10 09:06:38'),
(84, 130, 96, '2019-12-10 08:41:49', '2019-12-10 08:41:53'),
(85, 131, 97, '2019-12-10 08:45:13', '2019-12-10 08:45:19'),
(86, 131, 98, '2019-12-10 08:45:33', '2019-12-10 08:45:40'),
(87, 131, 99, '2019-12-10 08:45:19', '2019-12-10 08:45:29'),
(88, 133, 102, '2019-12-10 08:46:35', '2019-12-10 08:46:52'),
(89, 133, 103, '2019-12-10 08:46:53', '2019-12-10 08:46:58'),
(90, 133, 104, '2019-12-10 08:46:58', '2019-12-10 08:47:05'),
(91, 133, 105, '2019-12-10 08:47:05', '2019-12-10 08:47:14'),
(92, 133, 106, '2019-12-10 08:47:14', '2019-12-10 08:47:25'),
(93, 133, 100, '2019-12-10 08:47:25', '2019-12-10 08:47:29'),
(94, 133, 101, '2019-12-10 08:47:29', '2019-12-10 08:47:32'),
(95, 134, 107, '2019-12-10 08:49:58', '2019-12-10 08:50:15'),
(96, 136, 110, '2019-12-10 08:50:01', '2019-12-10 08:50:07'),
(97, 136, 108, '2019-12-10 08:50:43', '2019-12-10 08:51:12'),
(98, 134, 111, '2019-12-10 08:50:16', '2019-12-10 08:50:22'),
(99, 134, 113, '2019-12-10 08:50:22', '2019-12-10 08:50:25'),
(100, 134, 109, '2019-12-10 08:50:25', '2019-12-10 08:50:50'),
(101, 137, 112, '2019-12-10 08:54:24', '2019-12-10 08:54:30'),
(102, 145, 114, '2019-12-10 09:05:01', '2019-12-10 09:05:23'),
(103, 145, 115, '2019-12-10 09:05:23', '2019-12-10 09:05:31'),
(104, 146, 116, '2019-12-10 09:06:38', '2019-12-10 09:06:43'),
(105, 147, 117, '2019-12-10 09:08:14', '2019-12-10 09:08:25'),
(106, 153, 118, '2019-12-10 10:00:52', '2019-12-10 10:01:23'),
(107, 153, 119, '2019-12-10 10:01:23', '2019-12-10 10:01:37'),
(108, 153, 120, '2019-12-10 10:01:37', '2019-12-10 10:02:01'),
(109, 155, 124, '2019-12-10 10:02:24', '2019-12-10 10:03:22'),
(110, 155, 121, '2019-12-10 10:03:22', '2019-12-10 10:07:24'),
(111, 156, 122, NULL, NULL);

-- --------------------------------------------------------

--
-- Table structure for table `server`
--

CREATE TABLE `server` (
  `server_id` int(11) NOT NULL,
  `employee_id` varchar(100) NOT NULL,
  `fullname` varchar(100) NOT NULL,
  `assigndepartment` varchar(100) NOT NULL,
  `username` varchar(50) NOT NULL,
  `password` varchar(100) NOT NULL
) ENGINE=InnoDB DEFAULT CHARSET=latin1;

--
-- Dumping data for table `server`
--

INSERT INTO `server` (`server_id`, `employee_id`, `fullname`, `assigndepartment`, `username`, `password`) VALUES
(1, '102454', 'Jascha B. Mascunana', 'IT Department', '102454', '1'),
(2, '102463', 'Rodelio B. Gucela j.r', 'IT DEPARTMENT', '102463', '1');

-- --------------------------------------------------------

--
-- Table structure for table `serverassigncounter`
--

CREATE TABLE `serverassigncounter` (
  `serverassigncounter_ID` int(11) NOT NULL,
  `server_id` int(11) NOT NULL,
  `counter_id` int(11) NOT NULL,
  `datecreated` datetime NOT NULL DEFAULT current_timestamp(),
  `isMain` tinyint(1) NOT NULL DEFAULT 0
) ENGINE=InnoDB DEFAULT CHARSET=latin1;

--
-- Dumping data for table `serverassigncounter`
--

INSERT INTO `serverassigncounter` (`serverassigncounter_ID`, `server_id`, `counter_id`, `datecreated`, `isMain`) VALUES
(6, 1, 1, '2019-11-26 15:14:34', 1),
(7, 1, 2, '2019-11-26 15:14:34', 0),
(8, 1, 3, '2019-11-26 15:14:45', 0),
(9, 1, 4, '2019-11-26 15:14:45', 0),
(10, 2, 2, '2019-12-04 08:18:46', 0);

-- --------------------------------------------------------

--
-- Table structure for table `servertransaction`
--

CREATE TABLE `servertransaction` (
  `servertransaction_id` int(11) NOT NULL,
  `serverassigncounter_id` int(11) NOT NULL,
  `countername` varchar(20) NOT NULL,
  `datetimelogin` datetime NOT NULL DEFAULT current_timestamp(),
  `datetimelogout` datetime DEFAULT NULL
) ENGINE=InnoDB DEFAULT CHARSET=latin1;

--
-- Dumping data for table `servertransaction`
--

INSERT INTO `servertransaction` (`servertransaction_id`, `serverassigncounter_id`, `countername`, `datetimelogin`, `datetimelogout`) VALUES
(1, 6, 'MAIN COUNTER', '2019-12-05 16:55:11', '2019-12-10 12:09:21'),
(2, 6, 'MAIN COUNTER', '2019-12-05 16:56:15', '2019-12-10 12:09:21'),
(3, 7, 'BILLING/TELLER', '2019-12-05 16:56:47', '2019-12-05 16:58:56'),
(4, 6, 'MAIN COUNTER', '2019-12-05 16:59:03', '2019-12-05 17:00:04'),
(5, 7, 'BILLING/TELLER', '2019-12-05 17:00:18', '2019-12-05 17:00:57'),
(6, 7, 'BILLING/TELLER', '2019-12-05 17:02:22', '2019-12-05 17:14:41'),
(7, 7, 'TELLER1', '2019-12-05 17:14:47', '2019-12-05 17:17:10'),
(8, 7, 'TELLER1', '2019-12-06 08:19:49', '2019-12-06 08:44:27'),
(9, 6, 'MAIN COUNTER', '2019-12-06 08:46:24', '2019-12-06 08:46:49'),
(10, 7, 'BILLING/TELLER', '2019-12-06 08:46:49', '2019-12-06 08:58:39'),
(11, 7, 'BILLING/TELLER', '2019-12-06 09:14:25', '2019-12-06 09:14:58'),
(12, 7, 'BILLING/TELLER', '2019-12-06 09:15:05', '2019-12-06 09:15:41'),
(13, 7, 'BILLING/TELLER', '2019-12-06 09:15:46', '2019-12-06 09:34:44'),
(14, 7, 'BILLING/TELLER', '2019-12-06 09:35:00', '2019-12-06 10:03:57'),
(15, 7, 'BILLING/TELLER', '2019-12-06 10:07:17', '2019-12-06 10:08:00'),
(16, 7, 'BILLING/TELLER', '2019-12-06 10:11:01', '2019-12-06 10:17:48'),
(17, 7, 'BILLING/TELLER', '2019-12-06 10:17:56', '2019-12-06 10:18:03'),
(18, 6, 'MAIN COUNTER', '2019-12-06 10:18:06', '2019-12-06 10:18:29'),
(19, 7, 'BILLING/TELLER', '2019-12-06 10:18:28', '2019-12-06 10:26:14'),
(20, 7, 'BILLING/TELLER', '2019-12-06 10:26:20', '2019-12-06 10:29:26'),
(21, 7, 'BILLING/TELLER', '2019-12-06 10:29:29', '2019-12-06 11:08:24'),
(22, 7, 'BILLING/TELLER', '2019-12-06 11:08:31', '2019-12-06 11:11:20'),
(23, 7, 'BILLING/TELLER', '2019-12-06 11:11:32', '2019-12-06 11:11:39'),
(24, 7, 'BILLING/TELLER', '2019-12-06 11:11:53', '2019-12-06 11:12:04'),
(25, 7, 'BILLING/TELLER', '2019-12-06 11:12:56', '2019-12-06 11:13:48'),
(26, 6, 'MAIN COUNTER', '2019-12-06 11:13:51', '2019-12-06 11:14:12'),
(27, 7, 'BILLING/TELLER', '2019-12-06 11:14:12', '2019-12-06 11:15:28'),
(28, 7, 'BILLING/TELLER', '2019-12-06 11:15:49', '2019-12-06 11:15:58'),
(29, 7, 'BILLING/TELLER', '2019-12-06 11:16:11', '2019-12-06 11:16:29'),
(30, 7, 'BILLING/TELLER', '2019-12-06 11:18:18', '2019-12-06 11:18:51'),
(31, 7, 'BILLING/TELLER', '2019-12-06 11:19:14', '2019-12-06 11:20:47'),
(32, 7, 'BILLING/TELLER', '2019-12-06 11:21:26', '2019-12-06 11:21:56'),
(33, 7, 'BILLING/TELLER', '2019-12-06 11:22:16', '2019-12-06 11:25:18'),
(34, 7, 'BILLING/TELLER', '2019-12-06 11:30:43', '2019-12-06 11:33:51'),
(35, 7, 'BILLING/TELLER', '2019-12-06 11:36:25', '2019-12-06 11:39:56'),
(36, 7, 'BILLING/TELLER', '2019-12-06 11:40:03', '2019-12-06 11:40:27'),
(37, 7, 'TELLER1', '2019-12-06 11:40:42', '2019-12-06 11:41:48'),
(38, 7, 'BILLING/TELLER', '2019-12-06 11:42:15', '2019-12-06 11:46:01'),
(39, 6, 'MAIN COUNTER', '2019-12-06 11:46:07', '2019-12-06 11:46:30'),
(40, 7, 'TELLER1', '2019-12-06 11:46:30', '2019-12-06 13:41:43'),
(41, 10, 'BILLING/TELLER', '2019-12-06 11:51:02', '2019-12-06 11:51:58'),
(42, 10, 'TELLER 2', '2019-12-06 11:54:40', '2019-12-06 11:56:09'),
(43, 6, 'MAIN COUNTER', '2019-12-06 12:01:27', '2019-12-06 12:02:01'),
(44, 7, 'BILLING/TELLER', '2019-12-06 13:41:48', '2019-12-06 13:42:19'),
(45, 7, 'BILLING/TELLER', '2019-12-06 13:42:30', '2019-12-06 13:46:35'),
(46, 7, 'BILLING/TELLER', '2019-12-06 14:07:30', '2019-12-06 14:38:47'),
(47, 7, 'JASCHA', '2019-12-06 14:39:05', '2019-12-06 14:44:23'),
(48, 10, 'BEBE', '2019-12-06 14:40:05', '2019-12-06 14:40:44'),
(49, 7, 'BILLING/TELLER', '2019-12-06 14:44:42', '2019-12-06 15:50:10'),
(50, 7, 'BILLING/TELLER', '2019-12-06 15:53:25', '2019-12-06 15:54:26'),
(51, 7, 'BILLING/TELLER', '2019-12-06 16:11:37', '2019-12-06 16:47:27'),
(52, 6, 'MAIN COUNTER', '2019-12-06 16:47:38', '2019-12-06 16:47:58'),
(53, 7, 'BILLING/TELLER', '2019-12-06 16:47:58', '2019-12-06 17:00:19'),
(54, 6, 'MAIN COUNTER', '2019-12-06 17:00:27', '2019-12-06 17:07:37'),
(55, 7, 'BILLING/TELLER', '2019-12-06 17:07:45', '2019-12-06 17:08:10'),
(56, 6, 'MAIN COUNTER', '2019-12-09 07:58:52', '2019-12-09 07:59:16'),
(57, 7, 'BILLING/TELLER', '2019-12-09 07:59:16', '2019-12-09 08:00:11'),
(58, 7, 'BILLING/TELLER', '2019-12-09 08:04:15', '2019-12-09 08:05:05'),
(59, 7, 'BILLING/TELLER', '2019-12-09 08:05:10', '2019-12-09 08:07:26'),
(60, 7, 'BILLING/TELLER', '2019-12-09 08:09:08', '2019-12-09 08:09:41'),
(61, 6, 'MAIN COUNTER', '2019-12-09 08:09:45', '2019-12-09 08:10:10'),
(62, 7, 'BILLING/TELLER', '2019-12-09 08:10:10', '2019-12-09 08:25:52'),
(63, 7, 'BILLING/TELLER', '2019-12-09 08:26:42', '2019-12-09 08:28:38'),
(64, 6, 'MAIN COUNTER', '2019-12-09 08:32:54', '2019-12-09 08:35:19'),
(65, 9, 'CONSULTATION', '2019-12-09 08:35:19', '2019-12-09 08:37:17'),
(66, 7, 'BILLING/TELLER', '2019-12-09 08:40:02', '2019-12-09 08:40:33'),
(67, 6, 'MAIN COUNTER', '2019-12-09 09:21:13', '2019-12-09 09:21:22'),
(68, 7, 'BILLING/TELLER', '2019-12-09 09:21:22', '2019-12-09 09:21:35'),
(69, 7, 'BILLING/TELLER', '2019-12-09 09:25:41', '2019-12-09 09:31:53'),
(70, 7, 'BILLING/TELLER', '2019-12-09 09:40:52', '2019-12-09 09:40:59'),
(71, 6, 'MAIN COUNTER', '2019-12-09 09:43:57', '2019-12-09 09:44:00'),
(72, 7, 'BILLING/TELLER', '2019-12-09 09:45:59', '2019-12-09 09:46:21'),
(73, 9, 'CONSULTATION', '2019-12-09 09:46:57', '2019-12-09 09:49:55'),
(74, 7, 'BILLING/TELLER', '2019-12-09 09:49:59', '2019-12-09 09:50:07'),
(75, 7, 'BILLING/TELLER', '2019-12-09 09:50:11', '2019-12-09 09:50:32'),
(76, 7, 'BILLING/TELLER', '2019-12-09 09:50:41', '2019-12-09 10:05:55'),
(77, 7, 'BILLING/TELLER', '2019-12-09 10:06:07', '2019-12-09 10:07:52'),
(78, 7, 'BILLING/TELLER', '2019-12-09 10:49:39', '2019-12-09 10:51:59'),
(79, 8, 'CARDIO-PULMONARY', '2019-12-09 10:52:06', '2019-12-09 10:52:30'),
(80, 7, 'BILLING/TELLER', '2019-12-09 10:53:06', '2019-12-09 10:56:51'),
(81, 7, 'BILLING/TELLER', '2019-12-09 10:57:33', '2019-12-09 11:38:12'),
(82, 8, 'CARDIO-PULMONARY', '2019-12-09 11:38:33', '2019-12-09 11:39:13'),
(83, 7, 'BILLING/TELLER', '2019-12-09 12:02:22', '2019-12-09 12:02:44'),
(84, 7, 'BILLING/TELLER', '2019-12-09 12:31:13', '2019-12-09 12:31:27'),
(85, 7, 'BILLING/TELLER', '2019-12-09 12:58:14', '2019-12-09 13:00:13'),
(86, 7, 'BILLING/TELLER', '2019-12-09 13:00:19', '2019-12-09 13:00:22'),
(87, 7, 'BILLING/TELLER', '2019-12-09 13:00:59', '2019-12-09 13:01:10'),
(88, 7, 'BILLING/TELLER', '2019-12-09 13:07:34', '2019-12-09 13:09:02'),
(89, 7, 'BILLING/TELLER', '2019-12-09 13:09:07', '2019-12-09 13:10:11'),
(90, 7, 'BILLING/TELLER', '2019-12-09 13:10:34', '2019-12-09 13:10:44'),
(91, 7, 'BILLING/TELLER', '2019-12-09 13:11:43', '2019-12-09 13:11:56'),
(92, 7, 'BILLING/TELLER', '2019-12-09 13:12:42', '2019-12-09 13:13:42'),
(93, 7, 'BILLING/TELLER', '2019-12-09 13:16:14', '2019-12-09 13:16:25'),
(94, 7, 'BILLING/TELLER', '2019-12-09 13:23:18', '2019-12-09 13:31:16'),
(95, 7, 'TELLER1', '2019-12-09 13:31:19', '2019-12-09 13:35:43'),
(96, 10, 'JORT', '2019-12-09 13:35:14', '2019-12-09 13:36:01'),
(97, 6, 'MAIN COUNTER', '2019-12-09 13:35:48', '2019-12-09 13:44:03'),
(98, 7, 'BILLING/TELLER', '2019-12-09 13:44:08', '2019-12-09 13:44:45'),
(99, 7, 'BILLING/TELLER', '2019-12-09 13:45:11', '2019-12-09 13:49:54'),
(100, 7, 'BILLING/TELLER', '2019-12-09 13:49:58', '2019-12-09 13:50:22'),
(101, 6, 'MAIN COUNTER', '2019-12-09 13:50:39', '2019-12-09 13:50:57'),
(102, 7, 'TELLER 1', '2019-12-09 13:50:57', '2019-12-09 13:51:28'),
(103, 7, 'BILLING/TELLER', '2019-12-09 13:52:55', '2019-12-09 13:55:25'),
(104, 7, 'BILLING/TELLER', '2019-12-09 13:55:31', '2019-12-09 13:56:54'),
(105, 7, 'BILLING/TELLER', '2019-12-09 13:57:05', '2019-12-09 13:59:35'),
(106, 7, 'BILLING/TELLER', '2019-12-09 13:59:45', '2019-12-09 14:02:32'),
(107, 7, 'TELLER1', '2019-12-09 14:02:42', '2019-12-09 14:11:38'),
(108, 7, 'BILLING/TELLER', '2019-12-09 14:11:46', '2019-12-09 14:17:27'),
(109, 7, 'TELLER 1', '2019-12-09 14:17:30', '2019-12-09 14:25:21'),
(110, 7, 'BILLING/TELLER', '2019-12-09 15:58:31', '2019-12-09 16:12:10'),
(111, 9, 'TELLER 2', '2019-12-09 16:21:17', '2019-12-09 16:24:42'),
(112, 6, 'MAIN COUNTER', '2019-12-09 16:38:58', '2019-12-09 16:39:56'),
(113, 7, 'BILLING/TELLER', '2019-12-09 16:39:56', '2019-12-09 16:43:32'),
(114, 7, 'LAB EXTRACTION', '2019-12-09 16:43:37', '2019-12-09 16:53:26'),
(115, 7, 'BILLING/TELLER', '2019-12-09 17:05:08', '2019-12-09 17:05:21'),
(116, 7, 'BILLING/TELLER', '2019-12-10 07:34:48', '2019-12-10 07:35:20'),
(117, 7, 'BILLING/TELLER', '2019-12-10 07:52:26', '2019-12-10 07:52:37'),
(118, 6, 'MAIN COUNTER', '2019-12-10 07:52:39', '2019-12-10 07:53:10'),
(119, 7, 'BILLING/TELLER', '2019-12-10 07:53:10', '2019-12-10 07:54:54'),
(120, 7, 'BILLING/TELLER', '2019-12-10 07:54:58', '2019-12-10 07:55:24'),
(121, 7, 'BILLING/TELLER', '2019-12-10 07:55:32', '2019-12-10 07:57:02'),
(122, 7, 'TELLER 1', '2019-12-10 07:57:15', '2019-12-10 08:01:23'),
(123, 10, 'TELLER2', '2019-12-10 07:58:32', '2019-12-10 08:12:33'),
(124, 7, 'TELLER1', '2019-12-10 08:11:28', '2019-12-10 08:18:15'),
(125, 10, 'TELLER2', '2019-12-10 08:14:19', '2019-12-10 08:19:22'),
(126, 6, 'MAIN COUNTER', '2019-12-10 08:18:18', '2019-12-10 08:18:39'),
(127, 7, 'TELLER 1', '2019-12-10 08:18:39', '2019-12-10 08:25:59'),
(128, 10, 'BOYJASCHPOT', '2019-12-10 08:21:46', '2019-12-10 08:22:50'),
(129, 6, 'MAIN COUNTER', '2019-12-10 08:39:37', '2019-12-10 08:40:12'),
(130, 7, 'TELLER 1', '2019-12-10 08:40:12', '2019-12-10 08:56:40'),
(131, 7, 'TELLER 2', '2019-12-10 08:44:45', '2019-12-10 08:45:40'),
(132, 6, 'MAIN COUNTER', '2019-12-10 08:45:52', '2019-12-10 08:46:30'),
(133, 7, 'PRIORITY TELLER ', '2019-12-10 08:46:30', '2019-12-10 08:48:01'),
(134, 10, 'BOYJACHPOT', '2019-12-10 08:48:37', '2019-12-10 08:50:55'),
(135, 6, 'MAIN COUNTER', '2019-12-10 08:49:01', '2019-12-10 08:49:31'),
(136, 7, 'TELLER 2', '2019-12-10 08:49:31', '2019-12-10 08:51:24'),
(137, 7, 'PRIORITY TELLER', '2019-12-10 08:51:43', '2019-12-10 08:55:39'),
(138, 6, 'MAIN COUNTER', '2019-12-10 08:52:36', '2019-12-10 08:52:44'),
(139, 10, 'TELLER 213ZXCZQQE', '2019-12-10 08:52:51', '2019-12-10 08:53:49'),
(140, 8, 'CARDIO-PULMONARY', '2019-12-10 08:55:43', '2019-12-10 08:55:50'),
(142, 7, 'TELLER 1', '2019-12-10 09:02:16', '2019-12-10 09:03:23'),
(143, 8, 'CARDIO-PULMONARY', '2019-12-10 09:04:07', '2019-12-10 09:04:13'),
(144, 6, 'MAIN COUNTER', '2019-12-10 09:04:17', '2019-12-10 09:04:31'),
(145, 7, 'TELLER 1', '2019-12-10 09:04:31', '2019-12-10 09:05:31'),
(146, 7, 'TELLER 1', '2019-12-10 09:05:43', '2019-12-10 09:06:51'),
(147, 7, 'BILLING/TELLER', '2019-12-10 09:07:00', '2019-12-10 09:08:35'),
(148, 6, 'MAIN COUNTER', '2019-12-10 09:35:31', '2019-12-10 09:36:15'),
(150, 7, 'BILLING/TELLER', '2019-12-10 09:44:20', '2019-12-10 09:45:02'),
(151, 7, 'BILLING/TELLER', '2019-12-10 09:59:03', '2019-12-10 10:00:16'),
(152, 6, 'MAIN COUNTER', '2019-12-10 10:00:21', '2019-12-10 10:00:44'),
(153, 7, 'TELLER 1', '2019-12-10 10:00:44', '2019-12-10 10:02:01'),
(154, 6, 'MAIN COUNTER', '2019-12-10 10:02:04', '2019-12-10 10:02:17'),
(155, 7, 'TELLER 1', '2019-12-10 10:02:17', '2019-12-10 10:07:24'),
(156, 10, 'TELLER 3', '2019-12-10 10:04:49', '2019-12-10 10:05:23'),
(157, 7, 'BILLING/TELLER', '2019-12-10 10:07:36', '2019-12-10 10:36:41'),
(158, 6, 'MAIN COUNTER', '2019-12-10 10:42:38', '2019-12-10 10:43:22'),
(159, 6, 'MAIN COUNTER', '2019-12-10 10:47:26', '2019-12-10 10:47:53'),
(160, 6, 'MAIN COUNTER', '2019-12-10 10:50:33', '2019-12-10 12:10:17'),
(161, 9, 'CONSULTATION', '2019-12-10 10:51:18', '2019-12-10 10:51:25'),
(162, 7, 'BILLING/TELLER', '2019-12-10 10:51:29', '2019-12-10 10:51:37'),
(163, 6, 'MAIN COUNTER', '2019-12-10 10:55:41', '2019-12-10 12:10:17'),
(164, 6, 'MAIN COUNTER', '2019-12-10 12:45:49', '2019-12-10 12:46:44');

--
-- Indexes for dumped tables
--

--
-- Indexes for table `administatoraccount`
--
ALTER TABLE `administatoraccount`
  ADD PRIMARY KEY (`admin_id`),
  ADD KEY `adminusername` (`adminusername`),
  ADD KEY `adminpassword` (`adminpassword`);

--
-- Indexes for table `counter`
--
ALTER TABLE `counter`
  ADD PRIMARY KEY (`counter_id`);

--
-- Indexes for table `customer`
--
ALTER TABLE `customer`
  ADD PRIMARY KEY (`customer_id`);

--
-- Indexes for table `customerassigncounter`
--
ALTER TABLE `customerassigncounter`
  ADD PRIMARY KEY (`customerassigncounter_id`),
  ADD KEY `counter_id` (`counter_id`),
  ADD KEY `customer_id` (`customer_id`);

--
-- Indexes for table `servedcustomer`
--
ALTER TABLE `servedcustomer`
  ADD PRIMARY KEY (`served_id`),
  ADD KEY `servertransaction_id` (`servertransaction_id`),
  ADD KEY `customerassigncounter_id` (`customerassigncounter_id`);

--
-- Indexes for table `server`
--
ALTER TABLE `server`
  ADD PRIMARY KEY (`server_id`);

--
-- Indexes for table `serverassigncounter`
--
ALTER TABLE `serverassigncounter`
  ADD PRIMARY KEY (`serverassigncounter_ID`),
  ADD KEY `server_id` (`server_id`),
  ADD KEY `counter_id` (`counter_id`);

--
-- Indexes for table `servertransaction`
--
ALTER TABLE `servertransaction`
  ADD PRIMARY KEY (`servertransaction_id`),
  ADD KEY `serverassigncounter_id` (`serverassigncounter_id`),
  ADD KEY `countername` (`countername`);

--
-- AUTO_INCREMENT for dumped tables
--

--
-- AUTO_INCREMENT for table `administatoraccount`
--
ALTER TABLE `administatoraccount`
  MODIFY `admin_id` bigint(20) NOT NULL AUTO_INCREMENT, AUTO_INCREMENT=2;

--
-- AUTO_INCREMENT for table `counter`
--
ALTER TABLE `counter`
  MODIFY `counter_id` int(11) NOT NULL AUTO_INCREMENT, AUTO_INCREMENT=14;

--
-- AUTO_INCREMENT for table `customer`
--
ALTER TABLE `customer`
  MODIFY `customer_id` int(11) NOT NULL AUTO_INCREMENT, AUTO_INCREMENT=639;

--
-- AUTO_INCREMENT for table `customerassigncounter`
--
ALTER TABLE `customerassigncounter`
  MODIFY `customerassigncounter_id` int(11) NOT NULL AUTO_INCREMENT, AUTO_INCREMENT=126;

--
-- AUTO_INCREMENT for table `servedcustomer`
--
ALTER TABLE `servedcustomer`
  MODIFY `served_id` int(11) NOT NULL AUTO_INCREMENT, AUTO_INCREMENT=112;

--
-- AUTO_INCREMENT for table `server`
--
ALTER TABLE `server`
  MODIFY `server_id` int(11) NOT NULL AUTO_INCREMENT, AUTO_INCREMENT=3;

--
-- AUTO_INCREMENT for table `serverassigncounter`
--
ALTER TABLE `serverassigncounter`
  MODIFY `serverassigncounter_ID` int(11) NOT NULL AUTO_INCREMENT, AUTO_INCREMENT=11;

--
-- AUTO_INCREMENT for table `servertransaction`
--
ALTER TABLE `servertransaction`
  MODIFY `servertransaction_id` int(11) NOT NULL AUTO_INCREMENT, AUTO_INCREMENT=165;
COMMIT;

/*!40101 SET CHARACTER_SET_CLIENT=@OLD_CHARACTER_SET_CLIENT */;
/*!40101 SET CHARACTER_SET_RESULTS=@OLD_CHARACTER_SET_RESULTS */;
/*!40101 SET COLLATION_CONNECTION=@OLD_COLLATION_CONNECTION */;
